Dataset,Algorithm,Number of Cities,Total Distance,Elapsed Time (Seconds)
test10.tsp,Brute Force,10,NaN,NaN
test10.tsp,Nearest Neighbor,10,64909.86744413468,0.0
test10.tsp,Branch And Bound,10,64909.86744413468,0.0009975433349609375
test10.tsp,Held Karp,10,54489.71594831421,0.008947134017944336
test10.tsp,Two Opt,10,55022.10214202305,0.006737947463989258
test10.tsp,Christofides,10,58131.23041238444,0.0019652843475341797
test10.tsp,Ant Colony,10,55630.28141179241,0.02194070816040039
test10.tsp,Simulated Annealing,10,56517.734262956736,0.05687713623046875
